{
  "success":true,
  "terms":"https:\/\/currencylayer.com\/terms",
  "privacy":"https:\/\/currencylayer.com\/privacy",
  "timestamp":1528386007,
  "source":"USD",
  "quotes":{
    "USDAED":3.672701,
    "USDAFN":71.150002,
    "USDALL":102.929753,
    "USDAMD":482.98999,
    "USDANG":1.789736,
    "USDAOA":238.544006,
    "USDARS":24.959999,
    "USDAUD":1.309501,
    "USDAWG":1.78,
    "USDAZN":1.699495,
    "USDBAM":1.655695,
    "USDBBD":2,
    "USDBDT":84.290001,
    "USDBGN":1.652401,
    "USDBHD":0.377298,
    "USDBIF":1750.97998,
    "USDBMD":1,
    "USDBND":1.318993,
    "USDBOB":6.850611,
    "USDBRL":3.919597,
    "USDBSD":1,
    "USDBTC":0.00013,
    "USDBTN":66.925003,
    "USDBWP":9.994983,
    "USDBYN":1.989862,
    "USDBYR":19600,
    "USDBZD":1.997799,
    "USDCAD":1.29797,
    "USDCDF":1565.502522,
    "USDCHF":0.981903,
    "USDCLF":0.022967,
    "USDCLP":629.929993,
    "USDCNY":6.388901,
    "USDCOP":2829.699951,
    "USDCRC":564.7503,
    "USDCUC":1,
    "USDCUP":26.5,
    "USDCVE":93.230003,
    "USDCZK":21.737599,
    "USDDJF":177.498478,
    "USDDKK":6.296531,
    "USDDOP":49.520336,
    "USDDZD":115.910004,
    "USDEGP":17.830223,
    "USDERN":14.990074,
    "USDETB":27.219999,
    "USDEUR":0.845096,
    "USDFJD":2.0525,
    "USDFKP":0.745902,
    "USDGBP":0.74351,
    "USDGEL":2.436397,
    "USDGGP":0.743487,
    "USDGHS":4.706042,
    "USDGIP":0.746197,
    "USDGMD":46.830002,
    "USDGNF":9004.999728,
    "USDGTQ":7.33598,
    "USDGYD":207.270004,
    "USDHKD":7.845095,
    "USDHNL":23.865999,
    "USDHRK":6.240044,
    "USDHTG":63.070263,
    "USDHUF":268.779999,
    "USDIDR":13863,
    "USDILS":3.559401,
    "USDIMP":0.743487,
    "USDINR":67.363701,
    "USDIQD":1184,
    "USDIRR":42190.000322,
    "USDISK":104.839996,
    "USDJEP":0.743487,
    "USDJMD":127.169998,
    "USDJOD":0.708499,
    "USDJPY":109.949997,
    "USDKES":100.650002,
    "USDKGS":68.369797,
    "USDKHR":4061.899902,
    "USDKMF":414.820007,
    "USDKPW":899.999762,
    "USDKRW":1069.660034,
    "USDKWD":0.3017,
    "USDKYD":0.820038,
    "USDKZT":333.619995,
    "USDLAK":8339.999467,
    "USDLBP":1505.000288,
    "USDLKR":158.800003,
    "USDLRD":138.270004,
    "USDLSL":12.709414,
    "USDLTL":3.048699,
    "USDLVL":0.62055,
    "USDLYD":1.355803,
    "USDMAD":9.412703,
    "USDMDL":16.707994,
    "USDMGA":3269.999697,
    "USDMKD":51.759998,
    "USDMMK":1344.00005,
    "USDMNT":2405.000446,
    "USDMOP":8.080802,
    "USDMRO":353.999873,
    "USDMUR":33.900002,
    "USDMVR":15.210478,
    "USDMWK":713.450012,
    "USDMXN":20.467797,
    "USDMYR":3.974972,
    "USDMZN":58.979886,
    "USDNAD":12.924979,
    "USDNGN":357.000177,
    "USDNIO":31.230096,
    "USDNOK":8.03458,
    "USDNPR":107.099998,
    "USDNZD":1.421202,
    "USDOMR":0.384798,
    "USDPAB":1,
    "USDPEN":3.257199,
    "USDPGK":3.260102,
    "USDPHP":52.504268,
    "USDPKR":115.510002,
    "USDPLN":3.607028,
    "USDPYG":5636.000221,
    "USDQAR":3.639801,
    "USDRON":3.937398,
    "USDRSD":99.820999,
    "USDRUB":62.182301,
    "USDRWF":848.200012,
    "USDSAR":3.7497,
    "USDSBD":7.933957,
    "USDSCR":13.430249,
    "USDSDG":17.955201,
    "USDSEK":8.67173,
    "USDSGD":1.33236,
    "USDSHP":0.746201,
    "USDSLL":7849.999835,
    "USDSOS":562.00055,
    "USDSRD":7.41956,
    "USDSTD":20717,
    "USDSVC":8.750029,
    "USDSYP":514.97998,
    "USDSZL":12.925036,
    "USDTHB":31.969999,
    "USDTJS":9.048972,
    "USDTMT":3.4,
    "USDTND":2.588399,
    "USDTOP":2.284298,
    "USDTRY":4.477905,
    "USDTTD":6.649499,
    "USDTWD":29.721996,
    "USDTZS":2267.999775,
    "USDUAH":26.158001,
    "USDUGX":3815.000217,
    "USDUSD":1,
    "USDUYU":31.030001,
    "USDUZS":7925.000279,
    "USDVEF":79799.999744,
    "USDVND":22800,
    "USDVUV":106.209999,
    "USDWST":2.562905,
    "USDXAF":554.030029,
    "USDXAG":0.059228,
    "USDXAU":0.00077,
    "USDXCD":2.69862,
    "USDXDR":0.702676,
    "USDXOF":554.030029,
    "USDXPF":100.879103,
    "USDYER":249.899994,
    "USDZAR":12.925102,
    "USDZMK":9001.201543,
    "USDZMW":10.060382,
    "USDZWL":322.355011
  }
}